1,Kamillah,Talboy,ktalboy0@creativecommons.org,Female,288 283 2541
2,Ericka,Saywell,esaywell1@bbc.co.uk,Female,452 223 1884
3,Filia,Offa,foffa2@statcounter.com,Female,530 679 7137
4,Jordon,Trobe,jtrobe3@mashable.com,Male,316 235 1664
5,Michelle,Brydon,mbrydon4@hao123.com,Female,436 541 2227
6,Daven,Lightwood,dlightwood5@aol.com,Male,710 619 1773
7,Shari,O'Kieran,sokieran6@blogtalkradio.com,Non-binary,271 266 4005
8,Raye,Allain,rallain7@jigsy.com,Female,540 161 8749
9,Clem,Wincom,cwincom8@soup.io,Male,903 236 8209
10,Sandye,Oakwell,soakwell9@paginegialle.it,Female,277 448 6028
11,Sigvard,Orcas,sorcasa@vinaora.com,Male,329 976 9202
12,Pepita,Abeau,pabeaub@behance.net,Agender,313 232 1696
13,Jacquelin,Wabe,jwabec@omniture.com,Female,644 536 6169
14,Bryn,McNae,bmcnaed@archive.org,Female,223 697 7406
15,Standford,McNeilley,smcneilleye@mit.edu,Male,281 660 5061
16,Omar,Ganing,oganingf@mysql.com,Male,347 548 5625
17,Graehme,Pinchon,gpinchong@baidu.com,Male,414 863 8605
18,Ernestus,Bengefield,ebengefieldh@technorati.com,Male,562 271 7811
19,Bay,Presnall,bpresnalli@reference.com,Male,727 297 4538
20,Cloris,Allcoat,callcoatj@liveinternet.ru,Female,996 456 5448
21,Pierce,Wibrow,pwibrowk@slashdot.org,Male,692 982 4531
22,Shadow,Liddard,sliddardl@github.com,Male,567 336 9891
23,Willey,Rubinfajn,wrubinfajnm@wunderground.com,Male,571 199 0050
24,Sheila,Bremley,sbremleyn@taobao.com,Polygender,810 592 1598
25,Harper,Braham,hbrahamo@microsoft.com,Male,464 915 5758
26,Clarissa,Chasemore,cchasemorep@mapquest.com,Non-binary,884 509 6136
27,Dahlia,Doorey,ddooreyq@bizjournals.com,Female,284 911 8371
28,Godart,Stivey,gstiveyr@unblog.fr,Male,226 216 6171
29,Nicoline,Preist,npreists@twitpic.com,Female,600 178 6295
30,Hestia,Oake,hoaket@mapquest.com,Female,925 394 8256
31,Bevvy,Merrell,bmerrellu@wiley.com,Female,253 105 3288
32,Fania,Lote,flotev@squidoo.com,Female,269 500 8933
33,Florida,Tenpenny,ftenpennyw@hostgator.com,Female,317 329 3398
34,Carrol,Juhruke,cjuhrukex@spotify.com,Male,653 914 0011
35,Catrina,Boice,cboicey@mtv.com,Genderfluid,282 126 2205
36,Maridel,Haswell,mhaswellz@myspace.com,Female,952 570 7590
37,Trix,Oakeby,toakeby10@economist.com,Female,869 296 0234
38,Annmarie,McAuslan,amcauslan11@hud.gov,Female,423 302 8758
39,Randal,Gass,rgass12@noaa.gov,Male,776 933 2363
40,Gene,Kiebes,gkiebes13@amazonaws.com,Female,969 625 3664
41,Venita,Labon,vlabon14@buzzfeed.com,Female,118 563 6964
42,Genvieve,Metts,gmetts15@lulu.com,Female,703 700 1564
43,Beck,Powland,bpowland16@themeforest.net,Male,429 248 6934
44,Wade,Lamplugh,wlamplugh17@yellowbook.com,Male,453 756 8604
45,Florette,Lincke,flincke18@netlog.com,Female,623 664 2950
46,Bevan,Basire,bbasire19@theguardian.com,Male,280 407 1097
47,Kahaleel,Kennard,kkennard1a@zimbio.com,Male,829 304 8798
48,Garvey,Aysik,gaysik1b@shinystat.com,Male,873 198 4883
49,Marigold,Robarts,mrobarts1c@histats.com,Bigender,486 261 1199
50,Kristien,Alessandrelli,kalessandrelli1d@craigslist.org,Female,898 941 8916
51,Allard,Bertelmot,abertelmot1e@nhs.uk,Male,373 703 2257
52,Nanon,Caddy,ncaddy1f@shutterfly.com,Female,648 394 3127
53,Gianina,Brou,gbrou1g@xinhuanet.com,Female,327 934 5184
54,Miquela,Tyght,mtyght1h@tumblr.com,Female,520 107 3523
55,Ebenezer,Thring,ethring1i@amazonaws.com,Male,242 226 1903
56,Paule,Baxster,pbaxster1j@chron.com,Female,598 431 6599
57,Ives,Ellesworthe,iellesworthe1k@guardian.co.uk,Male,577 689 5139
58,Phineas,Garmston,pgarmston1l@netvibes.com,Male,304 500 1552
59,Giovanna,Dugood,gdugood1m@kickstarter.com,Female,363 275 3905
60,Nara,Johnes,njohnes1n@flavors.me,Female,654 508 6225
61,Fabio,Bickerstaffe,fbickerstaffe1o@webeden.co.uk,Male,207 863 9724
62,Ragnar,Quiney,rquiney1p@hatena.ne.jp,Male,446 868 0301
63,Isahella,Donson,idonson1q@gnu.org,Female,883 870 6623
64,Maribeth,Martinec,mmartinec1r@ted.com,Female,163 216 4381
65,Nickey,Espasa,nespasa1s@nps.gov,Male,535 115 4961
66,Diane,Tomczynski,dtomczynski1t@cisco.com,Female,759 341 0110
67,Ody,Tudge,otudge1u@gravatar.com,Male,460 953 8369
68,Bobbe,Kilby,bkilby1v@shutterfly.com,Female,155 295 7191
69,Brittan,Hickeringill,bhickeringill1w@omniture.com,Female,330 842 8364
70,Abagail,Deverille,adeverille1x@360.cn,Genderfluid,700 747 4666
71,Tonnie,Bussey,tbussey1y@domainmarket.com,Male,337 116 7421
72,Everett,Willimott,ewillimott1z@sbwire.com,Male,824 841 3474
73,Arlen,Biswell,abiswell20@loc.gov,Female,626 755 1493
74,Marchelle,Licciardiello,mlicciardiello21@boston.com,Female,730 743 9371
75,Romola,Kennally,rkennally22@angelfire.com,Female,258 306 2248
76,Sybille,Maycey,smaycey23@google.pl,Female,168 647 1847
77,Maritsa,Ghirardi,mghirardi24@google.com.au,Female,564 747 8924
78,Nicki,Tarver,ntarver25@goo.gl,Female,538 627 1450
79,Georgy,Dewick,gdewick26@ebay.co.uk,Male,306 682 5612
80,De,Hamblen,dhamblen27@alexa.com,Female,671 856 1118
81,Mirilla,Hasson,mhasson28@typepad.com,Female,707 792 6740
82,Giralda,Tomasello,gtomasello29@squidoo.com,Non-binary,427 997 8146
83,Angie,Jantel,ajantel2a@soundcloud.com,Female,823 237 6493
84,Petronilla,Tyler,ptyler2b@wufoo.com,Female,746 202 2115
85,Aylmer,Cullington,acullington2c@narod.ru,Male,471 646 5388
86,Rees,Munning,rmunning2d@a8.net,Male,254 316 8295
87,Melodie,Puttock,mputtock2e@salon.com,Female,111 521 6939
88,Jane,Wantling,jwantling2f@dropbox.com,Female,697 964 4108
89,Mable,Gaskill,mgaskill2g@loc.gov,Female,232 339 4836
90,Lanny,Guillain,lguillain2h@whitehouse.gov,Male,674 766 8096
91,Nada,Pierrepoint,npierrepoint2i@globo.com,Female,470 556 7414
92,Kev,Geater,kgeater2j@ftc.gov,Male,972 242 7564
93,Lyndy,Shimwell,lshimwell2k@flavors.me,Bigender,108 498 5240
94,Rosaleen,Goatcher,rgoatcher2l@businessinsider.com,Genderfluid,417 479 2858
95,Barbi,Goldston,bgoldston2m@mysql.com,Female,241 705 7735
96,Aleda,Rosendale,arosendale2n@topsy.com,Female,480 316 6189
97,Paulie,Yewman,pyewman2o@google.cn,Genderfluid,682 538 2223
98,Carling,Hail,chail2p@msu.edu,Male,413 227 8305
99,Mozes,Hainsworth,mhainsworth2q@dedecms.com,Male,938 354 0934
100,Judon,Brownill,jbrownill2r@state.tx.us,Male,330 184 7804
